{
    "total_games_analyzed": 17,
    "total_participants_analyzed": 121,
    "overall_win_rates_by_role": {
        "traitor": 54.285714285714285,
        "faithful": 13.953488372093023
    },
    "overall_win_rates_by_model": {
        "groq-qwen-2.5-32b": 100.0,
        "groq-deepseek-r1-distill-llama-70b": 58.82352941176471,
        "groq-gemma2-9b-it": 41.17647058823529,
        "groq-meta-llama/llama-4-maverick-17b-128e-instruct": 23.52941176470588,
        "groq-meta-llama/llama-4-scout-17b-16e-instruct": 17.647058823529413,
        "groq-qwen-qwq-32b": 11.76470588235294,
        "groq-deepseek-r1-distill-qwen-32b": 11.76470588235294,
        "local-phi4": 11.76470588235294,
        "groq-llama-3.1-8b-instant": 0.0
    },
    "game_outcomes": {
        "traitors": 11,
        "faithfuls": 6
    },
    "model_ratings_elo": {
        "groq-qwen-2.5-32b": {
            "mu": 1514.4692842146933,
            "sigma": 350,
            "R": 464.4692842146933
        },
        "groq-llama-3.1-8b-instant": {
            "mu": 1483.9971891790776,
            "sigma": 350,
            "R": 433.9971891790776
        },
        "groq-deepseek-r1-distill-llama-70b": {
            "mu": 1472.4109063000922,
            "sigma": 350,
            "R": 422.41090630009217
        },
        "groq-gemma2-9b-it": {
            "mu": 1450.053092635796,
            "sigma": 350,
            "R": 400.053092635796
        },
        "groq-meta-llama/llama-4-maverick-17b-128e-instruct": {
            "mu": 1374.8888239695748,
            "sigma": 350,
            "R": 324.8888239695748
        },
        "groq-meta-llama/llama-4-scout-17b-16e-instruct": {
            "mu": 1340.2805320764644,
            "sigma": 350,
            "R": 290.2805320764644
        },
        "groq-deepseek-r1-distill-qwen-32b": {
            "mu": 1339.4315368648681,
            "sigma": 350,
            "R": 289.4315368648681
        },
        "local-phi4": {
            "mu": 1320.664079463624,
            "sigma": 350,
            "R": 270.6640794636239
        },
        "groq-qwen-qwq-32b": {
            "mu": 1316.507988638503,
            "sigma": 350,
            "R": 266.5079886385031
        }
    },
    "effective_traitors_win_rate": {
        "groq-qwen-2.5-32b": 100.0,
        "groq-deepseek-r1-distill-llama-70b": 87.5,
        "groq-meta-llama/llama-4-maverick-17b-128e-instruct": 60.0,
        "groq-gemma2-9b-it": 60.0,
        "groq-qwen-qwq-32b": 50.0,
        "groq-meta-llama/llama-4-scout-17b-16e-instruct": 33.33333333333333,
        "local-phi4": 33.33333333333333,
        "groq-deepseek-r1-distill-qwen-32b": 0.0
    },
    "successful_faithfuls_win_rate": {
        "groq-deepseek-r1-distill-llama-70b": 33.33333333333333,
        "groq-gemma2-9b-it": 33.33333333333333,
        "groq-deepseek-r1-distill-qwen-32b": 13.333333333333334,
        "groq-meta-llama/llama-4-scout-17b-16e-instruct": 9.090909090909092,
        "groq-meta-llama/llama-4-maverick-17b-128e-instruct": 8.333333333333332,
        "groq-qwen-qwq-32b": 6.666666666666667,
        "groq-llama-3.1-8b-instant": 0.0,
        "local-phi4": 0.0
    }
}