{
    "total_games_analyzed": 21,
    "total_participants_analyzed": 149,
    "overall_win_rates_by_role": {
        "traitor": 51.28205128205128,
        "faithful": 17.272727272727273
    },
    "overall_win_rates_by_model": {
        "groq-qwen-2.5-32b": 60.0,
        "groq-deepseek-r1-distill-llama-70b": 47.61904761904761,
        "groq-llama-3.1-8b-instant": 40.0,
        "groq-gemma2-9b-it": 38.095238095238095,
        "groq-meta-llama/llama-4-scout-17b-16e-instruct": 28.57142857142857,
        "groq-meta-llama/llama-4-maverick-17b-128e-instruct": 19.047619047619047,
        "groq-deepseek-r1-distill-qwen-32b": 11.76470588235294,
        "groq-qwen-qwq-32b": 11.76470588235294,
        "local-phi4": 9.523809523809524
    },
    "game_outcomes": {
        "traitors": 12,
        "faithfuls": 9
    },
    "model_ratings_elo": {
        "groq-qwen-2.5-32b": {
            "mu": 1504.1075256426466,
            "sigma": 350,
            "R": 454.1075256426466
        },
        "groq-llama-3.1-8b-instant": {
            "mu": 1476.5436485087982,
            "sigma": 350,
            "R": 426.54364850879824
        },
        "groq-gemma2-9b-it": {
            "mu": 1419.6166601993841,
            "sigma": 350,
            "R": 369.6166601993841
        },
        "groq-deepseek-r1-distill-llama-70b": {
            "mu": 1416.5546211690148,
            "sigma": 350,
            "R": 366.5546211690148
        },
        "groq-meta-llama/llama-4-scout-17b-16e-instruct": {
            "mu": 1347.0343366788006,
            "sigma": 350,
            "R": 297.0343366788006
        },
        "groq-meta-llama/llama-4-maverick-17b-128e-instruct": {
            "mu": 1328.2021960445122,
            "sigma": 350,
            "R": 278.2021960445122
        },
        "groq-deepseek-r1-distill-qwen-32b": {
            "mu": 1325.336083477877,
            "sigma": 350,
            "R": 275.3360834778771
        },
        "groq-qwen-qwq-32b": {
            "mu": 1303.2617225814845,
            "sigma": 350,
            "R": 253.2617225814845
        },
        "local-phi4": {
            "mu": 1275.7923721781183,
            "sigma": 350,
            "R": 225.79237217811828
        }
    },
    "effective_traitors_win_rate": {
        "groq-qwen-2.5-32b": 100.0,
        "groq-deepseek-r1-distill-llama-70b": 87.5,
        "groq-meta-llama/llama-4-maverick-17b-128e-instruct": 50.0,
        "groq-gemma2-9b-it": 50.0,
        "groq-qwen-qwq-32b": 50.0,
        "groq-meta-llama/llama-4-scout-17b-16e-instruct": 33.33333333333333,
        "local-phi4": 33.33333333333333,
        "groq-deepseek-r1-distill-qwen-32b": 0.0
    },
    "successful_faithfuls_win_rate": {
        "groq-qwen-2.5-32b": 50.0,
        "groq-llama-3.1-8b-instant": 40.0,
        "groq-gemma2-9b-it": 30.76923076923077,
        "groq-meta-llama/llama-4-scout-17b-16e-instruct": 26.666666666666668,
        "groq-deepseek-r1-distill-llama-70b": 23.076923076923077,
        "groq-deepseek-r1-distill-qwen-32b": 13.333333333333334,
        "groq-meta-llama/llama-4-maverick-17b-128e-instruct": 6.666666666666667,
        "groq-qwen-qwq-32b": 6.666666666666667,
        "local-phi4": 0.0
    },
    "average_earnings_per_game_by_model": {
        "groq-deepseek-r1-distill-llama-70b": 138888.88888888888,
        "groq-qwen-2.5-32b": 116666.66666666666,
        "groq-gemma2-9b-it": 107142.85714285714,
        "groq-llama-3.1-8b-instant": 83333.33333333333,
        "groq-meta-llama/llama-4-scout-17b-16e-instruct": 75396.8253968254,
        "groq-meta-llama/llama-4-maverick-17b-128e-instruct": 59523.80952380953,
        "groq-deepseek-r1-distill-qwen-32b": 29411.764705882353,
        "groq-qwen-qwq-32b": 29411.764705882353,
        "local-phi4": 23809.52380952381
    }
}