{
    "total_games_analyzed": 49,
    "total_participants_analyzed": 373,
    "overall_win_rates_by_role": {
        "traitor": 48.421052631578945,
        "faithful": 18.345323741007196
    },
    "overall_win_rates_by_model": {
        "groq-qwen-2.5-32b": 39.39393939393939,
        "groq-deepseek-r1-distill-llama-70b": 34.69387755102041,
        "groq-meta-llama/llama-4-scout-17b-16e-instruct": 30.612244897959183,
        "groq-gemma2-9b-it": 26.53061224489796,
        "groq-qwen-qwq-32b": 25.806451612903224,
        "groq-meta-llama/llama-4-maverick-17b-128e-instruct": 24.489795918367346,
        "groq-deepseek-r1-distill-qwen-32b": 22.58064516129032,
        "groq-llama-3.1-8b-instant": 15.151515151515152,
        "local-phi4": 14.285714285714285
    },
    "game_outcomes": {
        "traitors": 25,
        "faithfuls": 24
    },
    "model_ratings_elo": {
        "groq-qwen-2.5-32b": {
            "mu": 1282.2994982351977,
            "sigma": 350,
            "R": 232.2994982351977
        },
        "groq-deepseek-r1-distill-llama-70b": {
            "mu": 1199.427954726517,
            "sigma": 350,
            "R": 149.4279547265171
        },
        "groq-deepseek-r1-distill-qwen-32b": {
            "mu": 1198.7388391148413,
            "sigma": 350,
            "R": 148.7388391148413
        },
        "groq-gemma2-9b-it": {
            "mu": 1193.5132946402082,
            "sigma": 350,
            "R": 143.5132946402082
        },
        "groq-qwen-qwq-32b": {
            "mu": 1187.3204922795373,
            "sigma": 350,
            "R": 137.32049227953735
        },
        "groq-meta-llama/llama-4-scout-17b-16e-instruct": {
            "mu": 1171.5576167620623,
            "sigma": 350,
            "R": 121.55761676206225
        },
        "groq-meta-llama/llama-4-maverick-17b-128e-instruct": {
            "mu": 1160.1546576073504,
            "sigma": 350,
            "R": 110.15465760735037
        },
        "groq-llama-3.1-8b-instant": {
            "mu": 1131.0830672538334,
            "sigma": 350,
            "R": 81.0830672538334
        },
        "local-phi4": {
            "mu": 1083.6583537010788,
            "sigma": 350,
            "R": 33.658353701078795
        }
    },
    "effective_traitors_win_rate": {
        "groq-deepseek-r1-distill-llama-70b": 78.57142857142857,
        "groq-qwen-qwq-32b": 66.66666666666666,
        "groq-qwen-2.5-32b": 54.54545454545454,
        "groq-meta-llama/llama-4-maverick-17b-128e-instruct": 50.0,
        "groq-deepseek-r1-distill-qwen-32b": 42.857142857142854,
        "groq-gemma2-9b-it": 42.857142857142854,
        "groq-meta-llama/llama-4-scout-17b-16e-instruct": 36.36363636363637,
        "local-phi4": 25.0,
        "groq-llama-3.1-8b-instant": 20.0
    },
    "successful_faithfuls_win_rate": {
        "groq-qwen-2.5-32b": 31.818181818181817,
        "groq-meta-llama/llama-4-scout-17b-16e-instruct": 28.947368421052634,
        "groq-gemma2-9b-it": 20.0,
        "groq-deepseek-r1-distill-llama-70b": 17.142857142857142,
        "groq-deepseek-r1-distill-qwen-32b": 16.666666666666664,
        "groq-meta-llama/llama-4-maverick-17b-128e-instruct": 16.216216216216218,
        "groq-llama-3.1-8b-instant": 14.285714285714285,
        "local-phi4": 10.81081081081081,
        "groq-qwen-qwq-32b": 9.090909090909092
    },
    "average_earnings_per_game_by_model": {
        "groq-qwen-2.5-32b": 95959.59595959596,
        "groq-deepseek-r1-distill-llama-70b": 93537.41496598639,
        "groq-meta-llama/llama-4-scout-17b-16e-instruct": 79931.97278911564,
        "groq-gemma2-9b-it": 71428.57142857143,
        "groq-meta-llama/llama-4-maverick-17b-128e-instruct": 71428.57142857143,
        "groq-qwen-qwq-32b": 51075.2688172043,
        "groq-deepseek-r1-distill-qwen-32b": 45698.92473118279,
        "groq-llama-3.1-8b-instant": 40404.0404040404,
        "local-phi4": 30612.244897959183
    }
}